<?xml version="1.0" encoding="utf-8"?>
<Graph xmlns:xsi="http://www.w3.org/2001/XMLSchema-instance" xmlns:xsd="http://www.w3.org/2001/XMLSchema">
  <Nodes>
    <Node>
      <NodeNumber>1</NodeNumber>
      <Layer>1</Layer>
      <CenterX>490</CenterX>
      <CenterY>195</CenterY>
      <ConnectedLinks>
        <Link>
          <Weight>4</Weight>
          <Node1>3</Node1>
          <Node2>1</Node2>
        </Link>
        <Link>
          <Weight>5</Weight>
          <Node1>1</Node1>
          <Node2>6</Node2>
        </Link>
        <Link>
          <Weight>3</Weight>
          <Node1>1</Node1>
          <Node2>5</Node2>
        </Link>
        <Link>
          <Weight>6</Weight>
          <Node1>4</Node1>
          <Node2>1</Node2>
        </Link>
      </ConnectedLinks>
    </Node>
    <Node>
      <NodeNumber>2</NodeNumber>
      <Layer>11</Layer>
      <CenterX>503</CenterX>
      <CenterY>343</CenterY>
      <ConnectedLinks>
        <Link>
          <Weight>7</Weight>
          <Node1>6</Node1>
          <Node2>2</Node2>
        </Link>
        <Link>
          <Weight>4</Weight>
          <Node1>2</Node1>
          <Node2>5</Node2>
        </Link>
      </ConnectedLinks>
    </Node>
    <Node>
      <NodeNumber>3</NodeNumber>
      <Layer>12</Layer>
      <CenterX>318</CenterX>
      <CenterY>108</CenterY>
      <ConnectedLinks>
        <Link>
          <Weight>4</Weight>
          <Node1>3</Node1>
          <Node2>1</Node2>
        </Link>
        <Link>
          <Weight>2</Weight>
          <Node1>3</Node1>
          <Node2>6</Node2>
        </Link>
      </ConnectedLinks>
    </Node>
    <Node>
      <NodeNumber>4</NodeNumber>
      <Layer>18</Layer>
      <CenterX>653</CenterX>
      <CenterY>105</CenterY>
      <ConnectedLinks>
        <Link>
          <Weight>6</Weight>
          <Node1>4</Node1>
          <Node2>1</Node2>
        </Link>
        <Link>
          <Weight>1</Weight>
          <Node1>4</Node1>
          <Node2>7</Node2>
        </Link>
      </ConnectedLinks>
    </Node>
    <Node>
      <NodeNumber>5</NodeNumber>
      <Layer>13</Layer>
      <CenterX>625</CenterX>
      <CenterY>282</CenterY>
      <ConnectedLinks>
        <Link>
          <Weight>4</Weight>
          <Node1>2</Node1>
          <Node2>5</Node2>
        </Link>
        <Link>
          <Weight>3</Weight>
          <Node1>1</Node1>
          <Node2>5</Node2>
        </Link>
        <Link>
          <Weight>7</Weight>
          <Node1>5</Node1>
          <Node2>7</Node2>
        </Link>
      </ConnectedLinks>
    </Node>
    <Node>
      <NodeNumber>6</NodeNumber>
      <Layer>7</Layer>
      <CenterX>347</CenterX>
      <CenterY>262</CenterY>
      <ConnectedLinks>
        <Link>
          <Weight>5</Weight>
          <Node1>1</Node1>
          <Node2>6</Node2>
        </Link>
        <Link>
          <Weight>2</Weight>
          <Node1>3</Node1>
          <Node2>6</Node2>
        </Link>
        <Link>
          <Weight>7</Weight>
          <Node1>6</Node1>
          <Node2>2</Node2>
        </Link>
      </ConnectedLinks>
    </Node>
    <Node>
      <NodeNumber>7</NodeNumber>
      <Layer>19</Layer>
      <CenterX>774</CenterX>
      <CenterY>192</CenterY>
      <ConnectedLinks>
        <Link>
          <Weight>1</Weight>
          <Node1>4</Node1>
          <Node2>7</Node2>
        </Link>
        <Link>
          <Weight>7</Weight>
          <Node1>5</Node1>
          <Node2>7</Node2>
        </Link>
      </ConnectedLinks>
    </Node>
  </Nodes>
</Graph>